{"stats":{"minecraft:custom":{"minecraft:jump":75,"minecraft:time_since_rest":4441,"minecraft:crouch_one_cm":222,"minecraft:sprint_one_cm":14262,"minecraft:play_time":4441,"minecraft:time_since_death":4441,"minecraft:walk_one_cm":16785,"minecraft:sneak_time":104,"minecraft:total_world_time":4441,"minecraft:drop":6,"minecraft:fall_one_cm":2984,"minecraft:fly_one_cm":13636,"minecraft:open_chest":1},"minecraft:mined":{"minecraft:grass":1},"minecraft:picked_up":{"notdeer:venison_raw":6},"minecraft:dropped":{"notdeer:venison_raw":6}},"DataVersion":3465}